site_id,mmwr_week,time,year,day_num,amblyomma_americanum,mean_temp,min_temp,max_temp,mean_var_temp,mean_rh_pct,min_rh_pct,max_rh_pct,mean_var_rh,sum_precip_mm
BLAN,16,2015-04-19,2015,109,0,11.528377777777777,3.5672,23.1582,7.916666666666666e-4,NA,NA,NA,NA,NA
BLAN,19,2015-05-10,2015,130,9.8159509202454,19.68444,12.7975,25.5137,0.0019,NA,NA,NA,NA,NA
BLAN,22,2015-05-31,2015,151,10,17.758375,15.4395,21.8789,0.0021249999999999997,NA,NA,NA,NA,NA
BLAN,23,2015-06-07,2015,158,19.39393939393939,21.184825,12.02,27.9713,6.333333333333333e-4,NA,NA,NA,NA,NA
BLAN,25,2015-06-21,2015,172,3.1372549019607843,23.32635833333333,18.8042,28.6416,0.0018333333333333333,NA,NA,NA,NA,NA
BLAN,28,2015-07-12,2015,193,3.6613272311212817,20.352183333333333,17.8566,26.9899,0.0011333333333333334,NA,NA,NA,NA,NA
BLAN,31,2015-08-02,2015,214,0,20.668575,16.095,28.4717,7e-4,NA,NA,NA,NA,NA
BLAN,34,2015-08-23,2015,235,0,20.698915,12.9605,27.8892,3.35e-4,NA,NA,NA,NA,NA
BLAN,37,2015-09-13,2015,256,0,18.22000486111111,8.0263,27.7123,0.04973159722222222,NA,NA,NA,NA,NA
BLAN,41,2015-10-11,2015,284,0,11.322761607142857,1.5973,23.738,0.11593005952380953,NA,NA,NA,NA,NA
BLAN,46,2015-11-15,2015,319,0,4.421094916666666,-3.2007,19.2196,0.09464983333333334,66.89517708333334,16.01,101.79,5.619537660256411,NA
BLAN,49,2015-12-06,2015,340,0,4.60681,-4.8051,17.055,1.1e-4,82.26809523809524,39.02,99.24,3.006279761904762,NA
BLAN,11,2016-03-13,2016,73,0,9.0454125,1.6008,16.3216,1.25e-5,NA,NA,NA,NA,NA
BLAN,17,2016-04-24,2016,115,4.819277108433735,17.540108333333333,5.0254,26.1303,0,83.11280395136778,20.81,102,4.124075481256333,NA
BLAN,20,2016-05-15,2016,136,9.876543209876544,11.7575,10.2791,13.5019,0,NA,NA,NA,NA,NA
BLAN,23,2016-06-05,2016,157,41.02564102564102,22.053454166666665,15.2265,31.1515,1.25e-5,NA,NA,NA,NA,NA
BLAN,26,2016-06-26,2016,178,17.057569296375267,19.30095,17.371,21.2365,0,NA,NA,NA,NA,NA
BLAN,29,2016-07-17,2016,199,0,22.37125,21.7985,22.9403,0,NA,NA,NA,NA,0
BLAN,32,2016-08-07,2016,220,0,18.971800000000002,16.6417,24.3265,0,NA,NA,NA,NA,0
BLAN,35,2016-08-28,2016,241,3.319502074688797,NA,NA,NA,NA,NA,NA,NA,NA,0
BLAN,38,2016-09-18,2016,262,4.86322188449848,23.894750000000002,18.619,28.4297,0,NA,NA,NA,NA,0
BLAN,41,2016-10-09,2016,283,0,9.4838,3.142,17.6698,0,NA,NA,NA,NA,0
BLAN,13,2017-03-26,2017,85,0,11.362058333333334,6.8159,21.2522,7.1428571428571436e-6,81.27859036796536,30.8,100.11,2.5958766233766233,9.356
BLAN,16,2017-04-16,2017,106,0,14.644591666666667,5.5899,19.9609,0,73.21523550724638,36.25,96.82,8.016997282608695,14.870000000000001
BLAN,19,2017-05-07,2017,127,0,8.593446666666667,0.9749,15.5791,4.9999999999999996e-5,80.09584608843538,22.77,99.36,8.104761904761904,181.822
BLAN,22,2017-05-28,2017,148,3.404255319148936,18.4591,13.6814,20.9799,0,82.19283624620061,29.23,99.56,12.125379939209727,6.527
BLAN,25,2017-06-18,2017,169,0,23.7031,16.7792,26.5705,0,86.12264880952381,36.99,99.3,5.981369047619047,36.268
BLAN,28,2017-07-09,2017,190,0,22.053569345238095,13.9679,29.7862,0.07790654761904763,83.95691381987578,37.56,99.29,5.479280538302278,8.547
BLAN,31,2017-07-30,2017,211,9.917355371900827,20.25236398809524,11.0895,28.3868,0.059547916666666666,82.14064336372847,39.89,99.27,5.384042553191489,3.367
BLAN,34,2017-08-20,2017,232,0,20.130431845238096,11.2791,28.9687,0.05938065476190476,84.71569608717677,45.33,99.48,4.978100909651557,8.17
BLAN,36,2017-09-03,2017,246,0,15.967810714285715,8.1063,26.4715,0.07843571428571429,88.02491334463409,40.51,99.66,4.739092483366049,43.576
BLAN,40,2017-10-01,2017,274,0,16.082459375,6.6852,28.0535,0.08614895833333333,79.92805787740629,32.35,99.7,3.442171985815603,0
BLAN,17,2018-04-22,2018,112,0,12.444281186676799,-7.1692,32.9777,1.0371361955420466,70.74477804481516,23.01,98.38,3.961459202186565,63.571
BLAN,20,2018-05-13,2018,133,30,18.610038933982683,11.7093,29.0274,0.03386956168831169,89.87556947021233,50.85,98.39,3.047571273964131,316.109
BLAN,23,2018-06-03,2018,154,35,18.47108243371212,10.4831,26.1542,0.06266936553030303,86.25035629437629,44.64,98.44,8.037168869713389,120.72
BLAN,26,2018-06-24,2018,175,16.666666666666664,21.267802083333333,15.4239,28.3685,0.0452889880952381,86.93972517730496,48.94,98.47,5.13216755319149,3.045
BLAN,29,2018-07-15,2018,196,0,21.330076488095237,14.9475,27.8697,0.05406190476190476,89.92199532046642,47.75,98.55,3.7326337403208654,116.705
BLAN,32,2018-08-05,2018,217,0,22.748389285714286,18.4445,27.9763,0.06808779761904762,NA,NA,NA,NA,49.510000000000005
BLAN,35,2018-08-26,2018,238,20.77922077922078,23.168994345238094,15.3423,29.9986,0.05031934523809524,86.43577548712979,48.87,98.56,3.0609032329706474,36.637
BLAN,38,2018-09-16,2018,259,0,21.37972142857143,16.2632,27.262,0.03219434523809524,89.80515514184397,54.92,98.76,2.2133503250591016,18.174
BLAN,17,2019-04-21,2019,111,10.191082802547772,14.435269047619048,5.3112,25.646,0.08104761904761905,69.35931547619047,19.43,98.65,6.19889880952381,16.996
BLAN,20,2019-05-12,2019,132,0,13.340872321428572,4.5932,24.2807,0.05961785714285714,81.23991071428571,27.67,98.62,4.178333333333333,34.726
BLAN,23,2019-06-02,2019,153,10,17.991564285714286,6.1843,26.8941,0.054675,75.78723214285714,23.53,98.63,5.064077380952381,0.587
BLAN,26,2019-06-23,2019,174,0,21.06240089285714,10.0724,30.783,0.08099821428571428,80.23919642857143,31.13,101.09,9.342738095238095,13.624
BLAN,27,2019-06-30,2019,181,0,22.412926785714284,12.7018,32.1866,0.07207797619047619,84.38926777087647,31.01,101.46,9.566305986887508,26.131999999999998
BLAN,29,2019-07-14,2019,195,0,24.24901755952381,16.3336,32.7424,0.07571755952380953,88.24075082044844,42.57,101.36,11.184584489670058,3.065
BLAN,32,2019-08-04,2019,216,3.292181069958848,22.287039583333335,12.7066,30.953,0.09554642857142857,88.61423285317828,41.56,101.45,12.034208404916082,0.259
BLAN,35,2019-08-25,2019,237,3.3684210526315788,18.842363988095236,11.2413,27.4754,0.05563095238095238,89.4457491451785,42.21,102,5.7767015888700675,0.065
BLAN,38,2019-09-15,2019,258,0,17.88594970238095,6.2381,30.0401,0.08762529761904762,82.16308228345301,31.43,102,4.659000717662952,0.064
BLAN,25,2020-06-14,2020,166,0,16.96381303763441,10.1726,21.5151,0.03261423387096774,NA,NA,NA,NA,0
BLAN,28,2020-07-05,2020,187,4.848484848484849,24.66753808117944,18.0413,32.1133,0.11949826945929887,NA,NA,NA,NA,0
BLAN,31,2020-07-26,2020,208,0,23.918885714285715,17.9819,32.1795,0.07021130952380952,NA,NA,NA,NA,0.26
BLAN,38,2020-09-13,2020,257,0,15.424302083333334,2.7159,25.1789,0.05419047619047619,84.17646656534954,27.72,99.72,5.239640324214792,0.064
KONZ,26,2015-06-28,2015,179,30,NA,NA,NA,NA,NA,NA,NA,NA,NA
KONZ,29,2015-07-19,2015,200,10,NA,NA,NA,NA,NA,NA,NA,NA,NA
KONZ,32,2015-08-09,2015,221,30,NA,NA,NA,NA,NA,NA,NA,NA,NA
KONZ,35,2015-08-30,2015,242,30,NA,NA,NA,NA,NA,NA,NA,NA,NA
KONZ,38,2015-09-20,2015,263,20,20.438983333333333,13.2961,30.0135,2.7916666666666666e-4,NA,NA,NA,NA,NA
KONZ,18,2016-05-01,2016,122,210,15.66861755952381,6.437,31.3389,0.12872619047619047,NA,NA,NA,NA,NA
KONZ,21,2016-05-22,2016,143,310,19.711205654761905,13.1847,29.8802,0.1576172619047619,NA,NA,NA,NA,NA
KONZ,24,2016-06-12,2016,164,320,27.255978,21.2644,35.3373,0.06879008333333334,NA,NA,NA,NA,NA
KONZ,27,2016-07-03,2016,185,160,NA,NA,NA,NA,NA,NA,NA,NA,NA
KONZ,30,2016-07-24,2016,206,130,NA,NA,NA,NA,NA,NA,NA,NA,NA
KONZ,33,2016-08-14,2016,227,60,NA,NA,NA,NA,NA,NA,NA,NA,NA
KONZ,36,2016-09-04,2016,248,0,NA,NA,NA,NA,NA,NA,NA,NA,NA
KONZ,39,2016-09-25,2016,269,0,NA,NA,NA,NA,65.19938988095238,31.74,99.44,3.422827380952381,NA
KONZ,42,2016-10-16,2016,290,0,NA,NA,NA,NA,64.74193452380953,26.47,97.48,1.7488095238095238,NA
KONZ,16,2017-04-16,2017,106,20,14.50912142857143,8.3552,21.6179,1e-4,69.75607142857143,24.73,98.54,2.6949702380952383,NA
KONZ,19,2017-05-07,2017,127,170,21.146225,17.3001,25.7561,2.5e-5,60.143363095238094,25.09,99.25,1.8947916666666669,NA
KONZ,21,2017-05-21,2017,141,60,16.345,12.0711,19.0353,9.999999999999999e-5,73.32014880952381,29.25,99.36,3.347857142857143,NA
KONZ,25,2017-06-18,2017,169,80,22.31277311594203,10.7094,30.309,0.03984356884057971,58.77583333333333,21.67,97.21,3.2088095238095238,3.356
KONZ,28,2017-07-09,2017,190,30,28.96757,23.2884,36.6189,4e-5,67.97627976190476,27.63,99.16,2.512202380952381,12.067
KONZ,31,2017-07-30,2017,211,20,21.75161,16.7743,27.3124,0,71.06329839544513,31.77,98.99,3.3310235507246375,50.337
KONZ,34,2017-08-20,2017,232,20,25.844134375000003,16.8399,35.6387,0.42184374999999996,71.266875,31.2,98.6,2.172827380952381,15.103
KONZ,37,2017-09-10,2017,253,30,24.50860789893617,11.4979,38.3107,0.31257311170212765,56.18026785714286,19.75,92.09,2.207529761904762,0.387
KONZ,19,2018-05-06,2018,126,250,NA,NA,NA,NA,52.85517210144928,21.87,85.31,2.4885882505175982,0
KONZ,22,2018-05-27,2018,147,500,NA,NA,NA,NA,68.17065033783784,32.88,99.54,3.7357516891891893,44.483
KONZ,25,2018-06-17,2018,168,50,NA,NA,NA,NA,71.97732142857143,34.31,98.72,1.8310714285714287,63.315000000000005
KONZ,28,2018-07-08,2018,189,60,28.50301617965368,15.1163,42.372,0.45204656385281383,57.2939880952381,18.4,99.4,3.3457067099567097,139.976
KONZ,31,2018-07-29,2018,210,90,23.729287499999998,13.2347,38.1361,0.2265529761904762,64.93309523809523,19.16,99.49,3.1122619047619047,33.17
KONZ,34,2018-08-19,2018,231,20,22.01152886904762,15.3274,34.6805,0.0858577380952381,81.47568066410962,41.8,99.52,1.7326971040189125,523.783
KONZ,37,2018-09-09,2018,252,20,21.649788095238094,11.4948,34.9114,0.22862886904761906,79.34226190476191,44.55,98.83,1.5891369047619046,0
KONZ,17,2019-04-21,2019,111,20,15.759875957207207,4.8886,31.2816,0.1789763996138996,63.16873015873016,22.1,99.25,2.1679265873015874,27.691
KONZ,20,2019-05-12,2019,132,70,19.713423214285715,5.7826,31.9502,0.1853125,70.8390153242148,35.97,98.35,2.7541748986828773,146.587
KONZ,23,2019-06-02,2019,153,270,22.766166964285716,12.8808,34.5703,0.2195125,71.02092261904762,40.74,98,3.1845535714285713,4.9799999999999995
KONZ,26,2019-06-23,2019,174,180,28.96768541666667,22.8734,37.4721,0.10800138888888888,74.68741071428572,42.96,98.38,2.1991964285714287,345.419
KONZ,29,2019-07-14,2019,195,150,26.793966223149038,20.0873,37.0628,0.3009554596958736,70.78922619047619,46.8,95.96,1.595327380952381,0
KONZ,32,2019-08-04,2019,216,60,NA,NA,NA,NA,79.27339285714285,45.15,98.54,3.0679613095238096,206.844
KONZ,35,2019-08-25,2019,237,60,NA,NA,NA,NA,81.04524986157253,33.36,98.78,2.067509343853821,288.86699999999996
KONZ,38,2019-09-15,2019,258,70,NA,NA,NA,NA,72.26345039682539,39.77,94.85,1.571563492063492,0.967
KONZ,24,2020-06-07,2020,159,220.00000000000003,NA,NA,NA,NA,64.84372023809524,31.01,99.09,2.825892857142857,0
KONZ,27,2020-06-28,2020,180,150,NA,NA,NA,NA,81.20877976190476,61.68,99.01,1.9099107142857144,33.816
KONZ,30,2020-07-19,2020,201,170,NA,NA,NA,NA,79.03940476190476,55.03,98.76,2.2036607142857143,207.84199999999998
KONZ,33,2020-08-09,2020,222,540,NA,NA,NA,NA,77.04419389564336,38.5,99.06,2.53429141337386,15.988
KONZ,36,2020-08-30,2020,243,240,NA,NA,NA,NA,72.85291666666667,27.36,98.46,2.239434523809524,18.179
KONZ,39,2020-09-20,2020,264,0,20.84107626013171,9.4318,35.626,0.14485634498480243,70.65268760186775,26.4,94.2,1.0505000330381922,0
LENO,22,2016-05-29,2016,150,30,24.612225,20.9977,27.4502,0,89.11672401960784,52.36,102,3.2249043884220354,NA
LENO,26,2016-06-26,2016,178,10,24.193041666666666,22.81,26.0485,0,NA,NA,NA,NA,NA
LENO,29,2016-07-17,2016,199,13.333333333333334,25.6734,23.8565,27.4968,0,NA,NA,NA,NA,NA
LENO,32,2016-08-07,2016,220,20,26.352466666666665,24.8361,28.7812,0,NA,NA,NA,NA,NA
LENO,36,2016-09-04,2016,248,100,24.4400125,21.1484,30.0138,0,NA,NA,NA,NA,NA
LENO,38,2016-09-18,2016,262,60,25.93561,20.3008,32.1783,0,NA,NA,NA,NA,NA
LENO,41,2016-10-09,2016,283,20,21.814079166666666,10.6555,27.8795,4.1666666666666665e-5,NA,NA,NA,NA,NA
LENO,16,2017-04-16,2017,106,6.037735849056604,20.515975,16.9295,26.0782,2.5e-5,NA,NA,NA,NA,NA
LENO,19,2017-05-07,2017,127,19.27710843373494,17.3108,10.8007,28.1738,0,78.79876666666667,41.45,98.58,2.3079,NA
LENO,22,2017-05-28,2017,148,10.666666666666668,23.03246,21.2299,26.9845,0,93.81103474529347,60.61,99.86,1.6551834163898118,NA
LENO,25,2017-06-18,2017,169,10,24.055525,21.7995,27.3466,0,95.03330259112867,70.76,100.18,2.2010757026789634,NA
LENO,28,2017-07-09,2017,190,12.549019607843135,24.393805555555556,21.4888,29.2343,1.6666666666666667e-5,94.7678494623656,73.29,100.06,1.164005376344086,68.073
LENO,31,2017-07-30,2017,211,24.615384615384617,24.29678634751773,18.3973,31.4485,0.039447910334346505,87.48735119047619,49.61,100.01,2.292529761904762,0.519
LENO,34,2017-08-20,2017,232,49.23076923076923,25.11281875,18.6499,30.9899,0.034106845238095235,90.04333333333334,53.27,99.67,1.8948214285714287,4.055
LENO,37,2017-09-10,2017,253,15.483870967741936,20.01496653654705,14.9755,29.0174,0.040404522957831784,85.1248402604285,59.97,98.88,1.7152100367173897,1.355
LENO,40,2017-10-01,2017,274,10.32258064516129,21.460169583333332,16.1797,28.8571,0.03425361111111111,78.8338810483871,46.57,96.17,1.8045508512544803,0
LENO,19,2018-05-06,2018,126,0,21.276171726190476,11.6017,30.5291,0.07743652777777778,74.24912739008647,31.58,98.81,3.7710073377176956,0
LENO,23,2018-06-03,2018,154,10.38961038961039,24.724056944444445,17.7744,30.7921,0.054378986928104577,86.74319852941177,44.13,99.23,2.47624591503268,2.747
LENO,25,2018-06-17,2018,168,37.64705882352941,25.950882666666665,21.3176,31.158,0.06087691666666667,87.57705357142858,59.25,98.24,3.1285119047619045,1.283
LENO,35,2018-08-26,2018,238,21.333333333333336,24.626690938449848,21.1836,31.4518,0.058195535714285714,89.8652969858156,57.53,98.58,1.8419497213779128,35.119
LENO,40,2018-09-30,2018,273,10,23.84261101190476,18.5407,29.0171,0.030491666666666667,88.74303146258504,52.46,97.74,1.601577380952381,0.128
LENO,21,2019-05-19,2019,139,11.03448275862069,23.505365476190477,16.7856,29.9607,0.044545238095238096,77.5867297979798,54.25,97.29,2.474886363636364,0
LENO,26,2019-06-23,2019,174,10,25.689650144927537,20.9393,30.8444,0.0367273731884058,86.49456651138716,57.27,97.97,2.7877782091097307,1.78
LENO,32,2019-08-04,2019,216,20.317460317460316,NA,NA,NA,NA,83.2574584717608,47.63,98.23,3.0219815891472868,16.538
ORNL,26,2014-06-22,2014,173,305,NA,NA,NA,NA,NA,NA,NA,NA,NA
ORNL,29,2014-07-13,2014,194,176.31307929969103,NA,NA,NA,NA,NA,NA,NA,NA,NA
ORNL,18,2015-05-03,2015,123,32.5,22.445619999999998,10.4816,27.5641,0.00848,NA,NA,NA,NA,NA
ORNL,21,2015-05-24,2015,144,79.53757225433526,20.513836904761906,16.6175,26.9771,1.4880952380952382e-4,NA,NA,NA,NA,NA
ORNL,24,2015-06-14,2015,165,75,24.894136666666665,22.0778,31.4215,0.0034699999999999996,NA,NA,NA,NA,NA
ORNL,27,2015-07-05,2015,186,179.69230769230768,23.980740476190476,19.0572,32.1662,0.018507142857142857,NA,NA,NA,NA,NA
ORNL,30,2015-07-26,2015,207,85,25.097773864035087,18.5703,31.4882,0.023662118421052633,NA,NA,NA,NA,NA
ORNL,33,2015-08-16,2015,228,34,22.105469270833332,17.7995,26.6303,0.01206545138888889,NA,NA,NA,NA,NA
ORNL,37,2015-09-13,2015,256,63.60248447204969,20.671810416666666,13.3001,30.2774,0.08895,NA,NA,NA,NA,NA
ORNL,40,2015-10-04,2015,277,0,NA,NA,NA,NA,NA,NA,NA,NA,NA
ORNL,42,2015-10-18,2015,291,0,NA,NA,NA,NA,NA,NA,NA,NA,NA
ORNL,46,2015-11-15,2015,319,0,11.495875,4.4091,17.9609,0,57.862348657548125,21.1,100.48,3.9979495947315096,NA
ORNL,49,2015-12-06,2015,340,0,11.171011239035087,1.2617,21.1779,0.042768293128654974,76.70735119047619,37.53,100.4,1.5080357142857144,NA
ORNL,10,2016-03-06,2016,66,5.811138014527845,NA,NA,NA,NA,60.06970238095238,26.95,94.63,1.404404761904762,NA
ORNL,13,2016-03-27,2016,87,9.97920997920998,NA,NA,NA,NA,NA,NA,NA,NA,NA
ORNL,16,2016-04-17,2016,108,27.72277227722773,NA,NA,NA,NA,NA,NA,NA,NA,NA
ORNL,19,2016-05-08,2016,129,93.65853658536588,NA,NA,NA,NA,NA,NA,NA,NA,NA
ORNL,22,2016-05-29,2016,150,98.98580121703854,NA,NA,NA,NA,NA,NA,NA,NA,NA
ORNL,25,2016-06-19,2016,171,115.8221302998966,NA,NA,NA,NA,NA,NA,NA,NA,NA
ORNL,28,2016-07-10,2016,192,109.3877551020408,20.6929,20.6836,20.704,0,NA,NA,NA,NA,NA
ORNL,31,2016-07-31,2016,213,40.69175991861648,NA,NA,NA,NA,NA,NA,NA,NA,NA
ORNL,34,2016-08-21,2016,234,49.740932642487046,NA,NA,NA,NA,NA,NA,NA,NA,NA
ORNL,37,2016-09-11,2016,255,11.463664278403275,NA,NA,NA,NA,NA,NA,NA,NA,NA
ORNL,40,2016-10-02,2016,276,7.73881499395405,NA,NA,NA,NA,NA,NA,NA,NA,NA
ORNL,46,2016-11-13,2016,318,0,NA,NA,NA,NA,57.817886904761906,25.96,96.49,2.1342857142857143,12.575
ORNL,12,2017-03-19,2017,78,4,NA,NA,NA,NA,49.07541666666667,14.81,94.88,1.7054166666666666,5.393
ORNL,15,2017-04-09,2017,99,33.663366336633665,NA,NA,NA,NA,39.14752976190476,12.04,81.67,1.3069345238095238,0
ORNL,18,2017-04-30,2017,120,134.54913880445795,NA,NA,NA,NA,72.94327380952382,25.74,100.31,3.859047619047619,192.207
ORNL,21,2017-05-21,2017,141,138.21138211382114,NA,NA,NA,NA,86.0966581632653,51.81,100.29,2.6360034013605445,102.706
ORNL,24,2017-06-11,2017,162,103.2258064516129,NA,NA,NA,NA,81.92859661172162,49.3,99.4,2.034496336996337,26.66
ORNL,27,2017-07-02,2017,183,168.7693898655636,22.610966964285716,18.8887,29.4382,0.056853571428571434,92.9394972589958,61.1,99.7,1.7563248106190066,165.673
ORNL,31,2017-07-30,2017,211,111.20331950207468,22.395405357142856,14.1183,30.6504,0.0749592261904762,75.32219979296066,42.1,99.3,2.830399844720497,60.338
ORNL,33,2017-08-13,2017,225,137.33195449844882,24.249559226190478,18.2294,30.2141,0.05765059523809524,86.45735055724417,51.8,99.2,2.6027260638297873,22.660999999999998
ORNL,36,2017-09-03,2017,246,23.236514522821576,17.58515744047619,9.3914,27.5106,0.0617485119047619,78.67806772807937,39.7,99.5,4.134801245597053,145.52599999999998
ORNL,39,2017-09-24,2017,267,13.361169102296447,22.022132203945407,14.5387,30.3909,0.04376099067286489,72.53279761904761,33.3,96.4,1.8486309523809523,0
ORNL,13,2018-03-25,2018,84,0,12.356120535714286,1.4735,27.9552,0.09951160714285714,72.19151138716356,20.1,99.2,2.1747217046238787,85.988
ORNL,16,2018-04-15,2018,105,22.741116751269036,11.6745625,-1.1031,29.3946,0.12795059523809524,59.95068181818181,13.5,99.2,2.0748782467532467,149.112
ORNL,19,2018-05-06,2018,126,98.56262833675564,20.30435906155015,12.4178,31.9,0.08222315729483283,67.74006395643363,31.3,98.2,3.710027228976697,5.651
ORNL,23,2018-06-03,2018,154,322.6611226611227,20.941540773809525,14.8279,28.7232,0.06039791666666667,79.05559523809524,59.9,97.2,3.7884970238095237,0
ORNL,25,2018-06-17,2018,168,896.0000000000001,22.704508396464647,19.5702,29.25,0.04380353535353535,78.13098214285715,45.89,98.38,2.0862797619047617,14.104
ORNL,28,2018-07-08,2018,189,279.5959595959596,24.67797132034632,19.6479,31.7423,0.061999837662337666,81.14221861471862,48.73,99.06,2.622188852813853,0.26
ORNL,32,2018-08-05,2018,217,451.6666666666667,23.47368392857143,19.9884,30.0794,0.052655654761904765,89.61383928571429,62.03,99.47,1.7798809523809525,58.811
ORNL,34,2018-08-19,2018,231,248.3042137718397,22.135884226190477,15.3314,27.5587,0.03637440476190476,82.22321428571428,43.54,99.1,2.5839285714285714,7.084
ORNL,37,2018-09-09,2018,252,177.77777777777777,23.088245940982777,17.4647,31.8688,0.05354579533941236,86.7642654508612,52.48,99.18,1.8223777862208714,67.08
ORNL,40,2018-09-30,2018,273,26.39175257731959,22.354091964285715,16.5488,30.0998,0.052563988095238094,85.24092261904762,58.08,98.39,2.0975892857142857,5.856000000000001
ORNL,13,2019-03-24,2019,83,0,13.407677083333335,2.8538,27.8418,0.17201904761904763,48.103809523809524,19.15,99.1,1.915892857142857,19.229000000000003
ORNL,16,2019-04-14,2019,104,21.281741233373637,16.072935569727893,4.5449,28.4817,0.1075078231292517,65.40857936507936,22.59,99.35,3.3286825396825397,66.382
ORNL,19,2019-05-05,2019,125,56.33802816901409,19.230138214285713,11.6276,27.643,0.05421886904761905,78.43307399626516,33.26,99.29,3.0247407796451915,42.234
ORNL,22,2019-05-26,2019,146,46.09053497942387,24.01367976190476,15.2436,31.6226,0.06812053571428571,67.06395833333333,33.9,92.55,1.9312500000000001,0
ORNL,25,2019-06-16,2019,167,76.26943005181347,22.063443167701863,17.9023,29.6546,0.040430512422360246,90.21470471014493,52.31,101.5,1.4102148033126294,158.806
ORNL,28,2019-07-07,2019,188,70,25.14508779761905,20.8091,31.9988,0.05361517857142857,NA,NA,NA,NA,38.749
ORNL,31,2019-07-28,2019,209,52.41809672386896,23.48306369047619,18.6092,31.199,0.06358988095238095,NA,NA,NA,NA,5.234
ORNL,34,2019-08-18,2019,230,32,24.89070357142857,20.438,33.0406,0.057016369047619045,80.75183067964028,44.62,100.51,2.860902071354858,118.22899999999998
ORNL,35,2019-08-25,2019,237,33.20363164721141,21.36473869047619,14.7577,29.4312,0.029929166666666666,83.65191753246754,40.37,100.71,3.409279112554113,99.203
ORNL,37,2019-09-08,2019,251,14.83007209062822,24.941449957482995,16.6594,34.549,0.061023681972789116,73.83761904761904,40.24,97.47,2.218958333333333,0
ORNL,23,2020-05-31,2020,152,111.47540983606557,21.89512857142857,14.6036,29.21,0.04073869047619048,72.33997023809523,36.64,100.84,2.626138784461153,17.417
ORNL,25,2020-06-14,2020,166,93.16909294512878,19.04273244047619,13.7069,27.0641,0.07783125,83.05565476190476,42.58,100.89,3.7069940476190477,34.74
ORNL,28,2020-07-05,2020,187,44.58204334365325,24.829008035714285,19.9767,31.1482,0.053860119047619046,82.09503891941392,44.66,100.89,2.92658195970696,6.121
ORNL,32,2020-08-02,2020,215,76.19047619047619,22.915765773809525,18.4642,30.633,0.04722261904761905,87.04809693697776,44.43,101.62,2.8848704444780027,15.132000000000001
ORNL,34,2020-08-16,2020,229,56.78496868475992,22.30406488095238,17.9054,29.5146,0.051723809523809526,86.32955698906356,36.67,102,5.47066116997038,38.881
ORNL,37,2020-09-06,2020,250,51.345755693581786,23.02419761904762,14.8931,31.0183,0.06642678571428572,82.25743920972644,40.26,102,2.6265875126646403,31.357
OSBS,16,2014-04-13,2014,103,59.62732919254658,NA,NA,NA,NA,NA,NA,NA,NA,NA
OSBS,20,2014-05-11,2014,131,19.875776397515526,NA,NA,NA,NA,NA,NA,NA,NA,NA
OSBS,23,2014-06-01,2014,152,38.670694864048336,NA,NA,NA,NA,NA,NA,NA,NA,NA
OSBS,26,2014-06-22,2014,173,0,NA,NA,NA,NA,NA,NA,NA,NA,NA
OSBS,36,2014-08-31,2014,243,64,26.045339285714284,21.1893,37.337,0.21693363095238094,NA,NA,NA,NA,NA
OSBS,38,2014-09-14,2014,257,53.333333333333336,24.75139613095238,20.3398,35.9712,0.18861696428571428,NA,NA,NA,NA,NA
OSBS,23,2015-06-07,2015,158,113.23076923076924,25.507175297619046,18.3901,37.5685,0.1840845238095238,NA,NA,NA,NA,NA
OSBS,26,2015-06-28,2015,179,40,25.646408035714288,20.6396,36.281,0.3077958333333333,NA,NA,NA,NA,NA
OSBS,29,2015-07-19,2015,200,32.432432432432435,25.93787761752137,23.06,36.8188,0.09797585470085471,NA,NA,NA,NA,NA
OSBS,32,2015-08-09,2015,221,81.0126582278481,26.374331437704132,21.0909,36.1902,0.10239757985404979,NA,NA,NA,NA,NA
OSBS,35,2015-08-30,2015,242,0,27.86331562732589,23.5138,34.5938,0.1062798192450824,NA,NA,NA,NA,NA
OSBS,38,2015-09-20,2015,263,21.132075471698116,21.010394047619048,18.7987,24.1587,0.03968452380952381,NA,NA,NA,NA,NA
OSBS,42,2015-10-18,2015,291,0,19.067320833333333,14.559,25.2937,9.583333333333334e-4,NA,NA,NA,NA,NA
OSBS,10,2016-03-06,2016,66,70,13.33645,6.2464,19.6562,0.0024125,NA,NA,NA,NA,NA
OSBS,13,2016-03-27,2016,87,213.9817629179331,22.16217367346939,17.0444,33.0559,0.021435838335334134,NA,NA,NA,NA,NA
OSBS,16,2016-04-17,2016,108,170,NA,NA,NA,NA,NA,NA,NA,NA,NA
OSBS,19,2016-05-08,2016,129,116.01208459214504,23.71000923980299,13.5628,35.0699,0.15308427569052568,NA,NA,NA,NA,NA
OSBS,22,2016-05-29,2016,150,72.72727272727273,26.523941567652205,18.7077,37.6736,0.24638671536796536,NA,NA,NA,NA,NA
OSBS,25,2016-06-19,2016,171,54.6583850931677,26.39158869047619,17.2238,38.2012,0.17422083333333332,NA,NA,NA,NA,NA
OSBS,28,2016-07-10,2016,192,45,26.962244597069596,21.5355,39.5792,0.1986316391941392,NA,NA,NA,NA,NA
OSBS,31,2016-07-31,2016,213,0,26.488602976190474,21.8119,36.7052,0.18209761904761904,84.02137601317122,39.43,99.5,5.3379882218844985,NA
OSBS,34,2016-08-21,2016,234,77.57575757575758,27.79825267857143,20.8046,38.0919,0.16481130952380954,75.84761904761905,39.2,99.3,2.038184523809524,NA
OSBS,37,2016-09-11,2016,255,15,26.0769375,21.5185,36.2804,0.16987916666666666,84.62601837474121,41.63,99.72,1.7954839544513457,NA
OSBS,43,2016-10-23,2016,297,53.65853658536586,18.639070535714286,6.1188,31.9286,0.17970267857142858,74.0313724489796,24.14,99.96,2.133092403628118,0
OSBS,46,2016-11-13,2016,318,14.414414414414416,14.969367857142856,5.7761,27.6314,0.15831726190476192,76.6641369047619,30.08,99.51,2.0672321428571427,0.064
OSBS,16,2017-04-16,2017,106,201.22699386503064,23.4260875,13.7421,30.2618,2.125e-4,68.70059523809523,24.92,98.98,2.3736607142857142,0
OSBS,19,2017-05-07,2017,127,176.74418604651163,22.8702,9.6441,33.6044,2.5e-5,57.711845238095236,18.01,97.21,2.204047619047619,1.028
OSBS,22,2017-05-28,2017,148,130.99415204678365,25.922449404761906,16.629,38.3154,0.18318988095238095,74.90524280169227,31.28,99.48,2.3386545359949613,99.061
OSBS,25,2017-06-18,2017,169,37.2093023255814,26.578506845238095,21.5755,37.4342,0.16603333333333334,81.13089241529062,39.53,99.53,2.712031005403222,143.907
OSBS,29,2017-07-16,2017,197,131.76470588235293,26.31072619047619,20.6376,36.5562,0.19857142857142857,81.77017857142857,43.23,99.15,2.9931845238095236,31.402
OSBS,32,2017-08-06,2017,218,102.12765957446808,27.480713095238094,21.4087,38.0363,0.17628660714285715,78.62229166666667,40.48,98.96,2.305327380952381,8.703
OSBS,34,2017-08-20,2017,232,0,26.871644345238096,21.3889,37.7142,0.21602589285714285,87.92663043478261,50.86,99.59,6.903233695652173,102.785
OSBS,38,2017-09-17,2017,260,197.64705882352945,26.60326533466312,19.2732,35.835,0.29654548315602836,73.35175,40.16,99.11,2.7861249999999997,9.732
OSBS,14,2018-04-01,2018,91,29.81366459627329,NA,NA,NA,NA,74.49617883022775,27.18,99.82,3.0257181677018634,45.334
OSBS,17,2018-04-22,2018,112,50,NA,NA,NA,NA,73.3797619047619,26.31,99.66,1.7673511904761905,183.76600000000002
OSBS,21,2018-05-20,2018,140,15,NA,NA,NA,NA,81.95027326839828,37.63,99.87,3.13584145021645,143.811
OSBS,23,2018-06-03,2018,154,9.937888198757763,NA,NA,NA,NA,82.00994047619048,37.79,99.61,3.6197916666666665,186.137
OSBS,26,2018-06-24,2018,175,20,NA,NA,NA,NA,81.42050595238095,42.77,99.46,3.3342559523809525,54.562
OSBS,29,2018-07-15,2018,196,39.75155279503105,NA,NA,NA,NA,88.41380952380952,45.94,98.97,3.348958333333333,188.1
OSBS,32,2018-08-05,2018,217,0,NA,NA,NA,NA,76.10824404761905,35.77,99.12,2.1441964285714286,22.855
OSBS,38,2018-09-16,2018,259,20,26.4052,26.3552,26.4628,0.0016,79.6666369047619,36.04,98.92,2.1860714285714287,50.242000000000004
OSBS,11,2019-03-10,2019,69,10.81081081081081,NA,NA,NA,NA,71.54208333333334,38.69,98.04,1.943482142857143,1.291
OSBS,17,2019-04-21,2019,111,10,NA,NA,NA,NA,61.71202380952381,18.55,97.25,3.486904761904762,65.225
OSBS,20,2019-05-12,2019,132,20,NA,NA,NA,NA,67.86419642857143,29.49,97.24,2.110029761904762,22.839000000000002
OSBS,23,2019-06-02,2019,153,10,NA,NA,NA,NA,75.04601190476191,22.22,97.52,3.8135416666666666,102.265
OSBS,26,2019-06-23,2019,174,60,28.001871726190476,21.4215,37.855,0.20290892857142856,72.40497023809523,32.67,97.92,3.4835416666666665,137.108
OSBS,29,2019-07-14,2019,195,10,27.350554761904764,21.6675,38.0973,0.11593988095238095,76.70057194616977,34.22,97.96,2.767172619047619,48.421
OSBS,32,2019-08-04,2019,216,60,27.62096845238095,23.147,37.2832,0.14709583333333331,79.27154761904762,42.7,98.23,2.624136904761905,83.188
OSBS,35,2019-08-25,2019,237,29.447852760736197,26.61520833333333,22.143,34.8621,0.15254494047619047,82.90053210282053,42.76,98.6,2.8557065112592737,191.373
OSBS,38,2019-09-15,2019,258,170,25.69281875,18.3975,37.0509,0.27622619047619046,76.15979166666666,30.08,97.96,2.565922619047619,16.837
OSBS,11,2020-03-08,2020,68,15,18.491030952380953,2.9684,33.3178,0.21028660714285713,67.79107142857143,27.38,97.43,1.7688392857142858,0.325
OSBS,26,2020-06-21,2020,173,30,27.35846875,19.612,37.5388,0.14285386904761904,74.6175,34.12,97.63,2.661220238095238,80.045
OSBS,29,2020-07-12,2020,194,20,28.045130654761905,22.0358,39.295,0.18211190476190475,73.97348214285715,33.71,97.77,2.6604464285714284,71.673
SCBI,24,2014-06-08,2014,159,75.91933570581257,NA,NA,NA,NA,NA,NA,NA,NA,NA
SCBI,27,2014-06-29,2014,180,28.276877761413843,NA,NA,NA,NA,NA,NA,NA,NA,NA
SCBI,30,2014-07-20,2014,201,0,NA,NA,NA,NA,NA,NA,NA,NA,NA
SCBI,31,2014-07-27,2014,208,10.126582278481012,NA,NA,NA,NA,NA,NA,NA,NA,NA
SCBI,33,2014-08-10,2014,222,4.938271604938271,NA,NA,NA,NA,NA,NA,NA,NA,NA
SCBI,43,2014-10-19,2014,292,0,NA,NA,NA,NA,NA,NA,NA,NA,NA
SCBI,45,2014-11-02,2014,306,0,NA,NA,NA,NA,NA,NA,NA,NA,NA
SCBI,15,2015-04-12,2015,102,10.084033613445378,NA,NA,NA,NA,NA,NA,NA,NA,NA
SCBI,18,2015-05-03,2015,123,24.65331278890601,NA,NA,NA,NA,NA,NA,NA,NA,NA
SCBI,21,2015-05-24,2015,144,155.8599695585997,NA,NA,NA,NA,NA,NA,NA,NA,NA
SCBI,24,2015-06-14,2015,165,97.18004338394792,NA,NA,NA,NA,NA,NA,NA,NA,NA
SCBI,27,2015-07-05,2015,186,183.13253012048193,NA,NA,NA,NA,NA,NA,NA,NA,NA
SCBI,30,2015-07-26,2015,207,190,NA,NA,NA,NA,NA,NA,NA,NA,NA
SCBI,33,2015-08-16,2015,228,110,NA,NA,NA,NA,NA,NA,NA,NA,NA
SCBI,42,2015-10-18,2015,291,0,12.075030952380953,1.8071,27.7496,0.17696339285714285,NA,NA,NA,NA,NA
SCBI,45,2015-11-08,2015,312,0,8.506114880952381,2.0448,18.5036,0.14392708333333334,71.41684653580089,23.43,102,6.291598398944516,NA
SCBI,51,2015-12-20,2015,354,0,10.751967261904761,-3.0824,21.4798,0.09689494047619047,NA,NA,NA,NA,NA
SCBI,13,2016-03-27,2016,87,0,12.757352380952382,1.5442,29.4206,0.15776339285714286,NA,NA,NA,NA,NA
SCBI,16,2016-04-17,2016,108,0,17.17117916666667,6.581,32.6915,0.1844922619047619,NA,NA,NA,NA,NA
SCBI,20,2016-05-15,2016,136,0,11.742701488095237,5.2467,24.6364,0.0914907738095238,NA,NA,NA,NA,NA
SCBI,22,2016-05-29,2016,150,20.545746388443018,23.012216666666667,19.2294,28.4001,0.07374402777777778,NA,NA,NA,NA,NA
SCBI,25,2016-06-19,2016,171,18.91891891891892,21.635415476190477,17.0153,32.7743,0.11854255952380952,NA,NA,NA,NA,NA
SCBI,28,2016-07-10,2016,192,10.684474123539232,23.444364285714286,17.7378,31.8252,0.07199761904761905,NA,NA,NA,NA,NA
SCBI,31,2016-07-31,2016,213,0,22.491688392857142,19.2338,27.627,0.03874107142857143,NA,NA,NA,NA,NA
SCBI,32,2016-08-07,2016,220,0,23.689563095238096,17.6986,35.335,0.06043065476190476,NA,NA,NA,NA,NA
SCBI,34,2016-08-21,2016,234,3.418803418803419,22.526415773809525,16.4938,30.7559,0.08843333333333334,NA,NA,NA,NA,NA
SCBI,37,2016-09-11,2016,255,0,21.129813988095236,15.1533,31.7136,0.06245178571428571,NA,NA,NA,NA,NA
SCBI,40,2016-10-02,2016,276,0,15.589097023809524,10.2108,22.7101,0.04898958333333333,NA,NA,NA,NA,NA
SCBI,43,2016-10-23,2016,297,0,11.625374107142857,4.4511,29.7727,0.18965357142857142,NA,NA,NA,NA,NA
SCBI,46,2016-11-13,2016,318,0,9.545609226190477,0.1303,27.0797,0.21477708333333334,55.01266666666667,28.95,88.65,3.701666666666666,0
SCBI,12,2017-03-19,2017,78,0,7.251829464285715,-6.3565,29.1594,0.17868482142857142,62.47208333333334,15.25,99.45,3.5935714285714284,18.112000000000002
SCBI,15,2017-04-09,2017,99,10.50903119868637,17.15951666666667,5.4148,33.5556,0.2723988095238095,50.14729166666667,16.98,96.44,3.077916666666667,1.283
SCBI,18,2017-04-30,2017,120,21.2624584717608,16.541236904761906,8.3287,31.1239,0.090325,80.3134145021645,22.44,100.23,3.6230654761904764,17.797
SCBI,22,2017-05-28,2017,148,67.68189509306261,19.13884494047619,14.7626,29.6598,0.11792113095238095,78.81592479674796,30.34,99.75,6.899480255516841,0
SCBI,24,2017-06-11,2017,162,67.55555555555556,23.255411607142857,19.1372,31.8746,0.08263005952380953,83.00003968253968,45.26,99.73,2.779468253968254,21.228
SCBI,27,2017-07-02,2017,183,46.735395189003434,22.310887712585032,19.7346,29.771,0.041120867346938775,85.39830096176402,43.2,99.71,4.749296076831319,20.633
SCBI,30,2017-07-23,2017,204,71.47766323024055,22.603749999999998,20.5777,25.1232,1.5000000000000001e-4,89.25086124016002,45.02,99.92,2.8299019228287516,50.763999999999996
SCBI,32,2017-08-06,2017,218,0,20.026780654761904,14.7569,28.1456,0.063338095238095235,87.49823489010988,42.88,99.87,3.3975274725274724,199.486
SCBI,33,2017-08-13,2017,225,9.937888198757763,22.26276011904762,17.562,31.034,0.055238392857142854,91.68528658271819,51.76,99.74,2.3934420683166886,2.246
SCBI,36,2017-09-03,2017,246,3.3264033264033266,16.817779761904763,11.4746,27.2257,0.06029732142857143,88.35135714285714,43.62,99.79,5.445904761904762,31.455
SCBI,39,2017-09-24,2017,267,0,20.046244444444444,12.638,25.0157,1.1388888888888889e-4,76.76860119047619,35.61,97.77,2.0508035714285713,0
SCBI,13,2018-03-25,2018,84,0,6.372552678571428,-4.3174,23.4241,0.13475535714285714,75.95563865971921,20.03,100.07,3.418277699377623,26.187
SCBI,16,2018-04-15,2018,105,14.285714285714285,-18.739150692110176,-89.1895,56.6632,238.31129272175536,62.60729166666667,14.88,99.98,4.000178571428571,107.461
SCBI,18,2018-04-29,2018,119,7.00218818380744,-62.96973333333333,-85.8943,-1.4437,39.27666666666667,46.01800595238095,9.38,97.75,4.534226190476191,5.629
SCBI,22,2018-05-27,2018,147,88.88888888888889,NA,NA,NA,NA,94.80298343401542,65.56,100.05,1.790936019075554,109.035
SCBI,25,2018-06-17,2018,168,69.6774193548387,NA,NA,NA,NA,94.0156224677306,66.17,100.14,1.2414497087580612,261.974
SCBI,28,2018-07-08,2018,189,72.25806451612902,NA,NA,NA,NA,NA,NA,NA,NA,0
SCBI,31,2018-07-29,2018,210,51.98555956678699,NA,NA,NA,NA,NA,NA,NA,NA,169.766
SCBI,32,2018-08-05,2018,217,21.62162162162162,NA,NA,NA,NA,NA,NA,NA,NA,28.704000000000004
SCBI,34,2018-08-19,2018,231,10.666666666666668,NA,NA,NA,NA,60.928206472193565,56.74,64.68,9.970864804034001e-4,61.01200000000001
SCBI,38,2018-09-16,2018,259,0,NA,NA,NA,NA,97.12553246941069,95.92,97.9,8.96529066171922e-4,45.551
SCBI,40,2018-09-30,2018,273,0,NA,NA,NA,NA,95.9753881242152,94.42,97.57,0.002260042810227538,5.284000000000001
SCBI,13,2019-03-24,2019,83,0,NA,NA,NA,NA,54.51026785714286,15.58,98.63,5.380595238095238,1.032
SCBI,16,2019-04-14,2019,104,0,NA,NA,NA,NA,74.27913902220968,24.13,100.24,3.730149515339733,53.658
SCBI,20,2019-05-12,2019,132,0,NA,NA,NA,NA,86.17114949965493,33.52,100.39,6.599500948930297,44.772
SCBI,22,2019-05-26,2019,146,20.382165605095544,NA,NA,NA,NA,88.10993849206349,50.71,100.22,6.281761904761905,11.953
SCBI,23,2019-06-02,2019,153,20,NA,NA,NA,NA,85.2738633485309,31.96,99.98,5.13046289260385,11.688
SCBI,25,2019-06-16,2019,167,22.886866059817944,NA,NA,NA,NA,86.45778286749483,40.51,100.2,4.7143092650103515,11.562000000000001
SCBI,28,2019-07-07,2019,188,12.075471698113208,NA,NA,NA,NA,93.62561557601764,56.29,100.69,2.524147911824304,0.193
SCBI,29,2019-07-14,2019,195,10.14799154334038,NA,NA,NA,NA,91.46553726035869,60.03,100.87,3.6247166821273966,0.708
SCBI,31,2019-07-28,2019,209,2.547770700636943,NA,NA,NA,NA,90.30134215049657,52.26,100.8,3.3390445951107717,0.773
SCBI,32,2019-08-04,2019,216,26.446280991735534,NA,NA,NA,NA,85.11165413533834,40.78,100.77,5.773652882205513,0.519
SCBI,34,2019-08-18,2019,230,4.401650618982118,NA,NA,NA,NA,92.26808970099668,46.69,100.62,3.763968715393134,2.564
SCBI,37,2019-09-08,2019,251,0,NA,NA,NA,NA,89.05086834733893,51.07,100.36,2.591344537815126,3.524
SCBI,40,2019-09-29,2019,272,0,NA,NA,NA,NA,83.70310912698413,38.84,100.37,1.726984126984127,7.49
SCBI,41,2019-10-06,2019,279,0,NA,NA,NA,NA,89.1492261904762,30.18,100.53,2.0385416666666667,4.355
SCBI,26,2020-06-21,2020,173,19.32367149758454,25.637999999999998,25.5708,25.8634,0.0059499999999999996,88.99065777002501,48.33,99.19,4.067356450485333,1.8110000000000002
SCBI,29,2020-07-12,2020,194,9.15593705293276,26.12789383355062,19.96,34.0425,0.05788384548045262,79.63940476190476,32.51,98.64,3.9622023809523808,1.4869999999999999
SCBI,32,2020-08-02,2020,215,12.151898734177214,23.753240234480433,19.0021,27.8886,0.03162709682860999,94.52560043864935,61.85,99.5,2.067084944685488,22.297
SCBI,35,2020-08-23,2020,236,3.225806451612903,25.35251375999754,19.2681,30.8494,0.05318737664574874,92.46315746753247,58.65,99.43,3.0459848484848484,101.281
SCBI,38,2020-09-13,2020,257,0,16.93067362845488,5.9591,24.9904,0.023305905820370107,87.96506411862991,38.83,99.1,2.6541967418546366,0.065
SCBI,41,2020-10-04,2020,278,0,15.944402698100372,9.0264,26.437,0.04393412485619284,83.50255952380952,41.65,99.03,4.298452380952381,1.548
SERC,18,2015-05-03,2015,123,32.06412825651302,NA,NA,NA,NA,NA,NA,NA,NA,NA
SERC,20,2015-05-17,2015,137,145.89665653495442,NA,NA,NA,NA,NA,NA,NA,NA,NA
SERC,23,2015-06-07,2015,158,116.50485436893204,NA,NA,NA,NA,NA,NA,NA,NA,NA
SERC,26,2015-06-28,2015,179,84.472049689441,NA,NA,NA,NA,NA,NA,NA,NA,NA
SERC,32,2015-08-09,2015,221,0,NA,NA,NA,NA,NA,NA,NA,NA,NA
SERC,35,2015-08-30,2015,242,11.925465838509316,NA,NA,NA,NA,NA,NA,NA,NA,NA
SERC,47,2015-11-22,2015,326,0,NA,NA,NA,NA,NA,NA,NA,NA,NA
SERC,12,2016-03-20,2016,80,0,NA,NA,NA,NA,60.79646721265338,15.84,102,4.782867941573793,0
SERC,15,2016-04-10,2016,101,37.28813559322034,NA,NA,NA,NA,57.91029796554797,20.9,102,6.620205177705178,0
SERC,21,2016-05-22,2016,143,158.7301587301587,16.723,11.8217,26.1397,2.0444444444444443e-4,81.05371011104728,34.95,102,15.178767213392543,0.905
SERC,24,2016-06-12,2016,164,145.26315789473685,18.7668,16.2654,21.6439,0,74.84732353000624,14.61,102,6.72635686008982,14.116
SERC,27,2016-07-03,2016,185,92.1151439299124,23.71497857142857,18.4937,28.82,0.0023857142857142857,91.35404075091576,64.25,102,18.597522893772894,32.499
SERC,30,2016-07-24,2016,206,89.79591836734694,25.573283333333332,24.0713,27.0005,3.3333333333333335e-5,NA,NA,NA,NA,126.131
SERC,33,2016-08-14,2016,227,18.211382113821134,26.848685714285715,23.0339,29.9192,0,NA,NA,NA,NA,40.849000000000004
SERC,34,2016-08-21,2016,234,124.44444444444444,23.7129,21.1147,27.4849,0,NA,NA,NA,NA,53.478
SERC,36,2016-09-04,2016,248,14.795244385733158,22.99985,17.908,25.7838,0,NA,NA,NA,NA,0
SERC,39,2016-09-25,2016,269,0,18.566008333333336,17.0792,19.5551,0,NA,NA,NA,NA,138.506
SERC,40,2016-10-02,2016,276,3.3264033264033266,NA,NA,NA,NA,NA,NA,NA,NA,0
SERC,42,2016-10-16,2016,290,0,16.942811111111112,8.8459,23.8329,0,NA,NA,NA,NA,6.4030000000000005
SERC,45,2016-11-06,2016,311,0,8.200143333333333,2.5856,15.2516,0,NA,NA,NA,NA,10.937
SERC,48,2016-11-27,2016,332,0,7.355004166666666,0.6732,12.0407,0,72.80237024853801,36.74,99.99,5.039295484944631,48.218
SERC,14,2017-04-02,2017,92,5.245901639344262,13.166633333333333,7.1178,21.8337,1.8333333333333334e-4,65.00456547619048,14.51,99.55,5.1853412698412695,70.261
SERC,17,2017-04-23,2017,113,60.78697421981004,20.244416666666666,12.2882,24.5351,0,87.19097282608696,44.06,99.24,2.283213250517598,40.289
SERC,20,2017-05-14,2017,134,185.1428571428571,14.049775,7.4122,21.7098,0,75.27241071428571,20.28,99.95,6.821130952380952,0.449
SERC,23,2017-06-04,2017,155,79.5031055900621,NA,NA,NA,NA,82.54938923395446,35.38,99.55,3.8636231884057968,4.348
SERC,24,2017-06-11,2017,162,263.7362637362637,22.80695,20.827,24.7856,0,84.28799319727891,42.61,99.55,1.5426573129251702,3.157
SERC,26,2017-06-25,2017,176,86.04651162790698,24.233803057065217,18.6281,30.9276,0.04296573822463768,75.63663046975547,27.33,99.22,4.503276222651222,11.136
SERC,29,2017-07-16,2017,197,64.16558861578267,25.812170972644378,18.5151,31.6389,0.03049287613981763,87.96520833333334,57.16,99.6,1.2274107142857142,47.684
SERC,32,2017-08-06,2017,218,30.311231393775373,21.304715476190477,16.1044,26.1878,0.017320833333333334,91.00233604433201,55.21,99.82,1.6916774824637728,92.89200000000001
SERC,36,2017-09-03,2017,246,18.48523748395379,18.321859523809522,11.1431,26.6966,0.02367886904761905,92.48009260411482,49.89,99.85,4.3214979467396715,32.48
SERC,38,2017-09-17,2017,260,0,21.715229705969268,17.5284,27.3397,0.011604646867612294,92.35119047619047,60.02,98.9,0.8869345238095239,0.768
SERC,39,2017-09-24,2017,267,0,19.696516666666668,17.5181,21.8561,0,86.03357142857142,39.72,98.26,2.5508928571428573,0
SERC,42,2017-10-15,2017,288,0,14.249609523809523,5.7861,22.8975,0.03265625,86.65857142857142,41.4,99.16,4.271369047619047,4.74
SERC,13,2018-03-25,2018,84,0,8.387247831632653,-2.4817,26.7468,0.09364147534013606,75.25580357142857,17.59,99.83,3.9725719822812846,5.659
SERC,14,2018-04-01,2018,91,10.526315789473683,10.225150297619047,0.5591,24.9882,0.05916071428571429,61.77224227456941,16.88,100.15,2.6280597771023304,3.989
SERC,18,2018-04-29,2018,119,30.76923076923077,18.59195238095238,3.3795,31.9156,0.09200922619047619,58.89479166666667,12.05,93.17,6.432202380952381,0.771
SERC,21,2018-05-20,2018,140,171.21019108280257,21.78559925,15.2024,29.9751,0.02932579761904762,86.05450369377,33.81,100.04,6.3401575145868625,15.879000000000001
SERC,24,2018-06-10,2018,161,142.0849420849421,21.01580238095238,13.0294,28.1363,0.02295922619047619,85.47810863270102,32.03,99.49,4.2368142171674785,14.076
SERC,27,2018-07-01,2018,182,208.31024930747924,26.520482142857144,19.9442,32.4669,0.018063392857142858,87.00708333333333,49.08,98.53,1.1870238095238095,4.668
SERC,33,2018-08-12,2018,224,78.09762202753441,NA,NA,NA,NA,94.07337884344302,60.76,99.04,1.7225603222325008,28.292
SERC,36,2018-09-02,2018,245,34.561626429479034,NA,NA,NA,NA,92.99430641821947,61.03,98.85,0.7908410973084886,49.835
SERC,38,2018-09-16,2018,259,38.55421686746988,NA,NA,NA,NA,94.45487778832464,59.86,99.13,1.168486493434583,40.467999999999996
SERC,12,2019-03-17,2019,76,0,NA,NA,NA,NA,66.94116971207087,19.49,99.32,4.08796442414175,176.86599999999999
SERC,15,2019-04-07,2019,97,2.5437201907790143,NA,NA,NA,NA,71.50988967997004,19.25,99.39,3.6932696797497906,52.759
SERC,18,2019-04-28,2019,118,15.584415584415584,20.7304,20.7272,20.7343,0,84.28249089553078,43.79,99.29,1.9618295198694136,27.548
SERC,21,2019-05-19,2019,139,90.22556390977444,NA,NA,NA,NA,75.8458169806384,34.04,98.31,6.913959314495028,15.19
SERC,24,2019-06-09,2019,160,88.88888888888889,NA,NA,NA,NA,88.19610190110323,34.87,98.44,2.255078309692671,0.131
SERC,27,2019-06-30,2019,181,85.89263420724095,NA,NA,NA,NA,NA,NA,NA,NA,0.392
SERC,30,2019-07-21,2019,202,55.00000000000001,NA,NA,NA,NA,NA,NA,NA,NA,0.5840000000000001
SERC,33,2019-08-11,2019,223,52.65822784810127,NA,NA,NA,NA,74.38994537815125,0,101.99,539.3653235294117,0.129
SERC,36,2019-09-01,2019,244,20.253164556962027,NA,NA,NA,NA,84.448125,48.17,99.86,2.0370833333333334,5.481
SERC,38,2019-09-15,2019,258,10,NA,NA,NA,NA,81.65589285714286,29.65,98.14,2.405922619047619,0.129
SERC,12,2020-03-15,2020,75,0,11.602779166666666,0.1172,29.827,0.07104315476190476,74.00197537710736,35.04,99.82,4.231415446613428,96.50500000000001
SERC,39,2020-09-20,2020,264,7.5,15.116759523809524,6.5703,22.9735,0.02309375,89.08051587301588,37.69,100.24,3.406061507936508,119.427
TALL,22,2014-05-25,2014,145,164,NA,NA,NA,NA,NA,NA,NA,NA,NA
TALL,25,2014-06-15,2014,166,168.33333333333334,NA,NA,NA,NA,NA,NA,NA,NA,NA
TALL,28,2014-07-06,2014,187,111.66666666666669,NA,NA,NA,NA,NA,NA,NA,NA,NA
TALL,46,2014-11-09,2014,313,0,NA,NA,NA,NA,NA,NA,NA,NA,NA
TALL,22,2015-05-31,2015,151,101.2448132780083,24.193845833333334,16.7067,33.3285,0.01355,NA,NA,NA,NA,NA
TALL,25,2015-06-21,2015,172,60.223804679552394,27.716866666666668,22.8037,33.8869,0.007916666666666667,NA,NA,NA,NA,NA
TALL,28,2015-07-12,2015,193,84.31372549019608,26.03387777777778,22.6526,34.0932,0.0010222222222222221,NA,NA,NA,NA,NA
TALL,31,2015-08-02,2015,214,19.58384332925337,27.02005,24.1748,31.1086,0.006233333333333334,NA,NA,NA,NA,NA
TALL,34,2015-08-23,2015,235,70.70707070707071,22.3149,18.1579,27.1292,1.3333333333333334e-4,NA,NA,NA,NA,NA
TALL,37,2015-09-13,2015,256,47.940074906367045,21.606923333333334,12.0645,30.6615,0.009200000000000002,NA,NA,NA,NA,NA
TALL,40,2015-10-04,2015,277,22.5,21.3150375,17.6693,26.118,7.999999999999999e-4,NA,NA,NA,NA,NA
TALL,43,2015-10-25,2015,298,9.876543209876544,NA,NA,NA,NA,NA,NA,NA,NA,NA
TALL,46,2015-11-15,2015,319,0,12.72227,5.2071,20.1702,0.00282,NA,NA,NA,NA,NA
TALL,16,2016-04-17,2016,108,125.98425196850394,18.61583,12.4976,28.083,2e-5,69.47747023809524,18.21,100.78,3.955386904761905,NA
TALL,18,2016-05-01,2016,122,65.64102564102564,16.962246666666665,10.0125,23.174,2.6666666666666667e-5,77.41300595238096,29.61,101.38,2.343779761904762,NA
TALL,21,2016-05-22,2016,143,68.42767295597484,29.07346,16.1874,33.912,2.3e-4,68.56934523809524,28.81,98.47,2.3606845238095238,NA
TALL,24,2016-06-12,2016,164,43.333333333333336,27.328833333333336,25.0611,29.871,1.6666666666666667e-5,81.47705186880245,53.82,101.38,3.6164378337147216,NA
TALL,28,2016-07-10,2016,192,56.79314565483477,23.10546666666667,20.1592,24.735,3.3333333333333335e-5,87.21477272727273,49.17,100.57,2.3943323863636365,NA
TALL,30,2016-07-24,2016,206,79.20792079207921,26.0562,23.6119,29.0469,0,70.80666666666667,52.98,91.33,116.00333333333332,NA
TALL,34,2016-08-21,2016,234,92.90322580645162,29.675466666666665,27.0105,32.5031,1.6666666666666667e-5,NA,NA,NA,NA,NA
TALL,37,2016-09-11,2016,255,157.5,25.870269999999998,21.0957,32.6268,0,48.59428571428572,3.64,78.84,185.88,NA
TALL,39,2016-09-25,2016,269,30.18867924528302,22.7861,19.4579,25.3859,3.3333333333333335e-5,39.06,19.63,53.7,99.39,NA
TALL,42,2016-10-16,2016,290,5,25.38048333333333,13.1046,34.2581,0,NA,NA,NA,NA,NA
TALL,45,2016-11-06,2016,311,0,15.944325,6.6599,24.5209,5.833333333333333e-5,NA,NA,NA,NA,NA
TALL,11,2017-03-12,2017,71,20,NA,NA,NA,NA,71.1874024822695,21.61,98.61,2.718578394123607,NA
TALL,14,2017-04-02,2017,92,84.21052631578947,NA,NA,NA,NA,58.292697169190255,9.99,102,2.5359457153829275,NA
TALL,17,2017-04-23,2017,113,168,NA,NA,NA,NA,81.27226896702845,44.2,102,2.4307506086651554,NA
TALL,20,2017-05-14,2017,134,156,NA,NA,NA,NA,73.02732436446531,33.06,102,2.701823058527086,NA
TALL,23,2017-06-04,2017,155,80,NA,NA,NA,NA,77.30588520408163,37.37,102,5.2144736394557825,NA
TALL,26,2017-06-25,2017,176,229.99999999999997,NA,NA,NA,NA,82.01111445942013,35.54,102,5.204593410091309,NA
TALL,28,2017-07-09,2017,190,0,NA,NA,NA,NA,79.0400098925858,43.74,102,5.714604534455923,19.32
TALL,29,2017-07-16,2017,197,96.66666666666669,28.215635416666665,22.0916,37.725,0.840221875,84.14299314217766,47.76,102,6.440144133156125,113.475
TALL,33,2017-08-13,2017,225,103.33333333333334,26.694870183982683,22.1574,36.7246,0.23953344155844156,83.92504120415158,51.27,102,4.586549876929599,26.029999999999998
TALL,35,2017-08-27,2017,239,95,23.56509404761905,17.3714,32.124,0.11484315476190476,85.5403362681461,47.97,102,3.6256143513390966,129.306
TALL,38,2017-09-17,2017,260,110,25.0103869212963,19.7332,36.3527,0.21513657407407408,82.26231008094524,47.87,102,5.416739482093548,40.47
TALL,12,2018-03-18,2018,77,5,14.618582142857143,1.7946,29.2341,0.14904613095238095,67.28470238095238,20.91,98.5,2.2122023809523808,11.095
TALL,15,2018-04-08,2018,98,20,16.37975833333333,0.5169,31.1438,0.20548303571428572,61.71222820580591,18.78,98.29,2.093773952689309,0.78
TALL,18,2018-04-29,2018,119,72.57731958762886,21.193630952380953,9.2892,32.8599,0.20027886904761905,61.87815476190476,22.87,92.11,2.622678571428571,0
TALL,21,2018-05-20,2018,140,110,23.619522600050658,18.7987,35.6939,0.20701923758865248,86.48273556231003,47.8,98.68,2.3760834599797365,58.473
TALL,24,2018-06-10,2018,161,37.5,25.053161607142858,19.956,37.0832,0.23563958333333332,83.18494047619048,46.33,98.11,2.0931547619047617,63.339999999999996
TALL,27,2018-07-01,2018,182,86.30705394190872,25.776347043650794,21.3826,36.1616,0.20640150793650794,84.39935562015503,49.15,98.27,2.938345445736434,162.029
TALL,30,2018-07-22,2018,203,73.33333333333333,26.76789375,20.48,37.3897,0.24161428571428573,75.62494444444445,31.42,97.73,2.461706349206349,18.432
TALL,33,2018-08-12,2018,224,36.666666666666664,26.549958333333333,21.4072,37.4603,0.16454166666666667,82.40508928571428,45.98,98.12,2.392232142857143,18.072
TALL,36,2018-09-02,2018,245,73.33333333333333,25.737314413265306,20.9189,35.4962,0.15025263605442177,87.04353174603175,53.04,98.47,2.3346626984126986,41.977
TALL,40,2018-09-30,2018,273,20,25.300609107142858,20.1128,35.016,0.20040561507936508,85.7728869047619,52.05,97.96,2.6972619047619046,0.257
TALL,12,2019-03-17,2019,76,14.906832298136646,12.147167261904762,1.8852,25.4121,0.1716080357142857,55.246339285714285,16.83,90.77,4.606071428571429,0.194
TALL,15,2019-04-07,2019,97,30.094043887147336,21.004995535714286,14.2422,32.8298,0.15664553571428572,79.52894489247312,22.54,99.53,2.81184811827957,65.664
TALL,18,2019-04-28,2019,118,86.82170542635659,21.335516922514618,14.7366,32.2255,0.17028501461988305,75.67473214285714,31.75,98.25,2.076071428571429,9.03
TALL,21,2019-05-19,2019,139,163.7795275590551,25.918004166666666,18.355,37.8154,0.22177142857142856,73.80130952380952,36.76,97.92,2.1401785714285713,0
TALL,24,2019-06-09,2019,160,37.05263157894737,NA,NA,NA,NA,73.40695795339413,30.25,98.32,2.9484637791286725,1.291
TALL,28,2019-07-07,2019,188,36.666666666666664,NA,NA,NA,NA,85.19377976190476,51.27,99.37,2.664702380952381,0.129
TALL,30,2019-07-21,2019,202,15.483870967741936,27.74582848869126,19.7532,36.742,0.3938040843214756,75.56742859495577,31.03,99.78,3.3233099237718804,0.064
TALL,33,2019-08-11,2019,223,24.774193548387096,28.317287202380953,21.0002,39.4276,0.1604154761904762,78.1766462585034,30.3,99.94,3.975684523809524,0.771
TALL,36,2019-09-01,2019,244,38.01295896328294,26.81922619047619,17.5301,38.7473,0.2020392857142857,77.80767857142857,40.22,98.76,2.092767857142857,0.064
TALL,39,2019-09-22,2019,265,37.05263157894737,27.39042767857143,17.3013,39.517,0.2969752976190476,68.91741071428571,35.38,95.01,2.0151488095238097,0
TALL,12,2020-03-15,2020,75,31.718061674008812,19.746932142857144,10.393,29.7594,0.12361130952380953,82.31687807881774,50.84,102,1.487825328407225,15.642
TALL,21,2020-05-17,2020,138,23.414634146341463,21.42044285714286,13.3092,33.9247,0.2101669642857143,81.54547494110088,46.72,102,3.3048596683800957,93.201
TALL,28,2020-07-05,2020,187,39.02439024390244,26.17297023809524,21.3838,35.7356,0.18696056547619047,84.74040990711313,39.83,102,3.3226579665617626,113.91
TALL,30,2020-07-19,2020,201,28.432956381260095,26.598752913533836,20.6852,37.9851,0.3083148966165414,84.85130077996716,46.43,102,4.946663427791876,119.262
TALL,33,2020-08-09,2020,222,38.681318681318686,27.23105888500137,21.5925,38.5445,0.18732228430846024,82.54338441388906,50.83,102,0.9348601496727238,59.638
TALL,35,2020-08-23,2020,236,128,25.698189583333335,20.9087,34.5988,0.14730857919254658,90.61635794693112,66.02,102,1.3315943781827928,194.276
TALL,39,2020-09-20,2020,264,114.78260869565216,19.810449702380954,12.9709,31.7051,0.08608491200828157,83.40109492481203,46.54,102,0.3618812656641604,12.649
UKFS,28,2015-07-12,2015,193,220.00000000000003,NA,NA,NA,NA,NA,NA,NA,NA,NA
UKFS,30,2015-07-26,2015,207,256.63366336633663,NA,NA,NA,NA,NA,NA,NA,NA,NA
UKFS,33,2015-08-16,2015,228,335,NA,NA,NA,NA,NA,NA,NA,NA,NA
UKFS,36,2015-09-06,2015,249,110,NA,NA,NA,NA,NA,NA,NA,NA,NA
UKFS,13,2016-03-27,2016,87,0,NA,NA,NA,NA,57.819248986828775,20.02,94.59,1.9687917933130699,NA
UKFS,16,2016-04-17,2016,108,0,NA,NA,NA,NA,78.27295816080056,29.57,95.51,2.6919793823326432,NA
UKFS,19,2016-05-08,2016,129,0,NA,NA,NA,NA,78.45537248817966,31.9,95.8,5.494878609422493,NA
UKFS,22,2016-05-29,2016,150,185,NA,NA,NA,NA,79.25695805647841,37.56,95.88,6.176517165005538,NA
UKFS,25,2016-06-19,2016,171,188.3870967741935,NA,NA,NA,NA,64.72908277777778,43.05,89.08,1.679095,NA
UKFS,28,2016-07-10,2016,192,48.17204301075269,19.6009,19.5954,19.605,0,83.69830555555555,50.36,96.08,1.34035,NA
UKFS,31,2016-07-31,2016,213,215.93495934959347,NA,NA,NA,NA,NA,NA,NA,NA,NA
UKFS,35,2016-08-28,2016,241,190.96774193548387,NA,NA,NA,NA,NA,NA,NA,NA,NA
UKFS,37,2016-09-11,2016,255,90,NA,NA,NA,NA,NA,NA,NA,NA,NA
UKFS,41,2016-10-09,2016,283,2.5,NA,NA,NA,NA,NA,NA,NA,NA,NA
UKFS,43,2016-10-23,2016,297,0,NA,NA,NA,NA,NA,NA,NA,NA,NA
UKFS,46,2016-11-13,2016,318,0,NA,NA,NA,NA,NA,NA,NA,NA,NA
UKFS,13,2017-03-26,2017,85,0,NA,NA,NA,NA,90.06531471631206,62.11,99.16,0.7926557750759878,NA
UKFS,15,2017-04-09,2017,99,55.00000000000001,NA,NA,NA,NA,65.01220238095239,28.25,98.97,1.7528273809523809,NA
UKFS,18,2017-04-30,2017,120,125,NA,NA,NA,NA,78.28710791925465,26.48,99.86,5.462380952380952,NA
UKFS,21,2017-05-21,2017,141,88.88888888888889,NA,NA,NA,NA,83.57491071428572,38.43,99.33,4.811577380952381,NA
UKFS,24,2017-06-11,2017,162,310,NA,NA,NA,NA,76.21691810991571,49.73,98.31,2.865135169966158,63.052
UKFS,27,2017-07-02,2017,183,560,23.521249404761903,17.2242,33.1922,0.08660327380952382,83.2102380952381,44.79,98.15,2.728184523809524,19.181
UKFS,30,2017-07-23,2017,204,97.5,24.940313095238096,18.3135,37.6231,0.09117738095238095,82.53989425465838,48.76,98.64,1.7018143892339546,9.264000000000001
UKFS,33,2017-08-13,2017,225,100,22.97229851190476,15.7565,32.9782,0.07551547619047619,84.22026659067882,47.66,98.4,2.0909663120567377,19.54
UKFS,36,2017-09-03,2017,246,100,19.70579791666667,10.0046,29.7123,0.07641934523809524,74.1802380952381,38.11,96.41,2.784702380952381,0
UKFS,39,2017-09-24,2017,267,50,19.608833333333333,13.963,27.5959,8e-4,78.72058488612836,35.97,98.18,2.175618530020704,16.806
UKFS,12,2018-03-18,2018,77,0,7.612428869047619,-2.7264,23.5466,0.1190264880952381,71.85276785714285,26.55,98.19,1.0948511904761904,82.112
UKFS,18,2018-04-29,2018,119,64.89859594383776,19.22259375,6.4759,32.6676,0.20190744047619047,63.51303373015873,19.59,98.57,2.500154761904762,45.446
UKFS,21,2018-05-20,2018,140,246.3343108504399,20.816459821428573,13.6269,34.6281,0.09949464285714285,81.97358236975013,49.67,98.55,5.0306334728867625,31.573999999999998
UKFS,24,2018-06-10,2018,161,42.66666666666667,26.73437648809524,18.6231,39.6494,0.10954017857142857,71.14119002426145,43.36,94.8,2.1397740176490174,15.017
UKFS,27,2018-07-01,2018,182,129.53523238380808,26.400797916666665,18.2589,38.7385,0.1420764880952381,71.11158681380871,42.87,92.37,2.87805318336163,7.5760000000000005
UKFS,30,2018-07-22,2018,203,100.1526717557252,24.330325,16.842,36.9267,0.1270327380952381,66.7602380952381,28.03,98.54,2.4413690476190477,37.145
UKFS,34,2018-08-19,2018,231,95.85253456221196,22.054235638150608,16.1474,37.1166,0.037184018549280176,85.37917426545086,41.7,99.14,1.3335679669030733,275.675
UKFS,36,2018-09-02,2018,245,73.84615384615385,22.697384523809525,16.3182,33.6173,0.04348482142857143,89.56378169240669,54.04,98.88,0.6287807271557271,76.264
UKFS,37,2018-09-09,2018,252,65,21.283428571428573,12.7761,37.1436,0.11153392857142858,81.02017857142857,43.96,97.8,1.5224404761904762,0.321
UKFS,39,2018-09-23,2018,266,22.5,16.131416666666667,7.3926,30.9785,0.10512440476190477,74.58779761904762,30.24,98.74,1.792172619047619,33.669
UKFS,13,2019-03-24,2019,83,10,9.743050155217588,0.253,24.466,0.1021227799612668,77.99409718517468,36.88,98.73,1.2308251921377724,143.198
UKFS,16,2019-04-14,2019,104,27.500000000000004,15.017703571428571,1.3646,32.7086,0.19860625,56.80565476190476,22.72,97.53,1.948095238095238,47.281
UKFS,20,2019-05-12,2019,132,126.56716417910448,18.445061904761904,6.8188,33.5073,0.10028690476190476,78.47339285714285,37.68,98.95,3.027559523809524,75.782
UKFS,22,2019-05-26,2019,146,92.56198347107438,19.93427380952381,11.9735,31.1522,0.08006309523809524,85.4627132936508,44.96,98.96,3.6485843253968255,157.395
UKFS,25,2019-06-16,2019,167,358.6813186813187,21.835375595238094,16.3908,31.6639,0.0908404761904762,88.94954923216426,46.79,99.04,2.66096825915721,72.07900000000001
UKFS,26,2019-06-23,2019,174,178.82352941176472,23.460139285714288,15.1098,34.6054,0.08802321428571429,81.76211956521739,50.4,99.26,3.6380279503105593,35.943
UKFS,28,2019-07-07,2019,188,220.42139384116695,24.72558766632894,18.5165,33.8821,0.0934117071935157,80.6932568027211,48.45,98.54,3.0935952380952383,11.792
UKFS,31,2019-07-28,2019,209,178.3206106870229,23.755770269756837,18.8917,34.6732,0.0729962069402229,76.75429563492064,38.43,96.99,2.181547619047619,150.185
UKFS,34,2019-08-18,2019,230,167.61904761904762,24.16356101190476,17.839,32.7375,0.046995833333333334,85.61988233665559,55.98,96.35,1.054968161683278,19.056
UKFS,37,2019-09-08,2019,251,112,23.249342071935157,14.6919,34.2287,0.06087988855116515,80.32695795339413,47.86,96.18,1.0524772036474164,31.728
UKFS,38,2019-09-15,2019,258,0,24.74906369047619,20.7239,34.9212,0.0762407738095238,79.03695393374741,48.73,95.02,1.3726552795031057,5.48
UKFS,40,2019-09-29,2019,272,13.333333333333334,19.34674107142857,9.6847,33.2151,0.04476875,82.91672619047618,57.64,96.99,0.9214285714285715,66.71300000000001
UKFS,41,2019-10-06,2019,279,10,11.808858035714286,1.2432,24.6484,0.07136785714285715,75.31372023809524,22.67,95.17,2.373095238095238,12.215
UKFS,25,2020-06-14,2020,166,477.50000000000006,24.53092619047619,17.6582,34.3222,0.06471279761904762,73.03519334684229,38.74,97.26,2.2485723995271867,30.199
UKFS,28,2020-07-05,2020,187,112.5,24.962310714285714,18.1756,32.791,0.07190922619047618,82.15645833333333,51.58,96.55,3.055980848861284,38.421
UKFS,32,2020-08-02,2020,215,96,21.189330654761903,13.1691,30.4692,0.05595952380952381,81.28065349544073,50.37,96.06,1.9285707953394124,0.385
UKFS,34,2020-08-16,2020,229,96.5079365079365,21.938238095238095,15.2862,31.1393,0.058032440476190474,74.95086309523809,40.3,93.01,2.5786904761904763,0
UKFS,38,2020-09-13,2020,257,92.5,18.1725656724924,11.5198,27.6194,0.0568740311550152,80.8193988095238,45.97,97.43,1.583035714285714,0
UKFS,40,2020-09-27,2020,271,15,14.253486011904762,4.2193,26.9002,0.08588005952380953,69.45649696048632,23.99,98.88,3.236818009118541,85.989
